id,page
2483186,1
6403436082,1
5252447904,1
7129155278,1
5191098772,1
7205866972,1
631727250,1
1847902752,1
5180300644,1
6675147490,1
11818627075,1
3290453459,1
1049060234,1
8425069728,1
8652665149,1
5206932266,1
11176073582,1
9676276958,1
9835676498,1
7279137105,1
935443517,1
8964489645,1
6576347905,1
4637746375,1
112902315,1
73737627,1
24774766,1
275625339,1
2782324454,1
710679541,1
469008772,1
53890741,1
1803741,1
91049678,1
227600968,1
229313524,1
23534055,1
26578092,1
76819021,1
422266604,1
93390411,1
56936323,1
112492515,1
6979666270,1
139437522,1
3131549391,1
109251560,1
1117897387,1
473759087,1
83250046,1
4949506455,2
108289954,2
722564687,2
75076726,2
90567189,2
1177150748,2
16735534,2
3241672660,2
2058984,2
121437562,2
2011952,2
124640306,2
4442686497,2
398650681,2
10674131444,2
2409898220,2
111235934,2
10511856020,2
1163229330,2
398650619,2
398645200,2
394647608,2
160117256,2
128614017,2
147322185,2
3169272356,2
398510069,2
2398054,2
7711763290,2
6675554353,2
5164285951,2
732601106,2
1972219027,2
7111868109,2
3229056811,2
6050149849,2
5205790826,2
6547771002,2
579271238,2
26851366,2
6942501530,2
410158834,2
6550555045,2
587099934,2
3321127511,2
9933991033,2
2822977994,2
80373024,2
2655135443,2
3674739835,2
9913176040,3
3673523334,3
9605261863,3
316605349,3
3343076822,3
9180622670,3
5181568648,3
5009915812,3
9657394390,3
6782702098,3
8419910887,3
10341849885,3
9478562327,3
3169274816,3
338312151,3
4880579497,3
6553589083,3
3229058322,3
4798335616,3
2499469079,3
67615196,3
1949963001,3
8863809036,3
6059300546,3
1108382932,3
5646047241,3
9794138570,3
4801497737,3
688235194,3
4700049612,3
10491133376,3
5650290,3
474130210,3
1044750390,3
8395655531,3
143966585,3
496077816,3
731672614,3
1228978229,3
398639066,3
8956925462,3
6409799531,3
6827283496,3
5188449834,3
7588308746,3
6827292079,3
6724301640,3
7713734565,3
4632517063,3
6026124707,3
6026124707,4
4656723596,4
6827256637,4
6724042036,4
7235470440,4
10350369623,4
6723867507,4
4770016934,4
6718589518,4
6827267991,4
975228851,4
5183585523,4
3293972833,4
411397923,4
1243374081,4
3290515336,4
391894325,4
700451191,4
3321107316,4
2850234878,4
1288584766,4
11778372953,4
3321119415,4
1498375805,4
1475834537,4
4838803777,4
8373881918,4
752001941,4
4874866339,4
1159595282,4
7903533369,4
1235887402,4
3460456681,4
1494887988,4
464093673,4
6182991657,4
9421679592,4
1109782152,4
10180536602,4
11453861177,4
7047935050,4
1421857755,4
463023402,4
5904584265,4
536583663,4
4801482375,4
1107231023,4
906579143,4
3290514380,4
7202767811,4
7202767811,5
3159065363,5
4780390259,5
488885761,5
5348607591,5
6827288257,5
259226716,5
3100736018,5
5444301611,5
6042404241,5
4870505191,5
5904585927,5
2760221532,5
7255938910,5
4815660218,5
5139017214,5
5136580142,5
10180628714,5
7057923079,5
1313498391,5
1827745864,5
6958835030,5
7157087774,5
1544350334,5
6419509504,5
10670510726,5
4048495272,5
6898186746,5
388881189,5
1072247509,5
2949511158,5
4628177781,5
1304527170,5
536578521,5
4567880251,5
721891673,5
1076805417,5
9852309382,5
1236280328,5
398630950,5
10729455663,5
6090344677,5
1827745860,5
1288557127,5
1481738249,5
11425468695,5
2939688117,5
8263889682,5
4535856663,5
348864556,5
4535856663,6
2122357674,6
8263889682,6
6494522845,6
547589453,6
1156586322,6
2245118763,6
5304470581,6
1334852266,6
5188932281,6
5326906309,6
1049086589,6
6771422244,6
9030081191,6
6663666572,6
1106621036,6
8462274180,6
10891594364,6
6960663581,6
5333425848,6
5144682833,6
876703481,6
7485551097,6
98326904,6
4575171289,6
6293796454,6
7170727096,6
5998624788,6
8660789922,6
6827279025,6
399612058,6
8592618675,6
8026469426,6
4841508687,6
4612971641,6
11104447804,6
6715731008,6
4681267061,6
11364119112,6
121033497,6
1292104790,6
182462958,6
8927509166,6
311756276,6
6908286311,6
3557977631,6
7995653636,6
3290531980,6
11648237431,6
4537616750,6
9242918232,7
4537616750,7
2163500151,7
7554420585,7
6811737833,7
5401609121,7
8554034103,7
7713734986,7
5422504072,7
536582807,7
3683273312,7
9282020661,7
11911784618,7
11012215808,7
5983534016,7
953924089,7
30117799,7
5689419560,7
1038410268,7
78969295,7
6692904250,7
6445989296,7
473687495,7
1312653856,7
4875559349,7
1380949085,7
463049246,7
10814179723,7
1286751704,7
9142678957,7
7978447895,7
5359600521,7
6532911937,7
3116990980,7
6889590516,7
7600505808,7
1168302251,7
7740347288,7
6007661442,7
1049906239,7
5863569319,7
6699846076,7
664919078,7
4710801040,7
8956712750,7
6126968918,7
9208983491,7
7717930976,7
913945267,7
6690848964,7
9208983491,8
6368110022,8
7717930976,8
8956712750,8
6685956418,8
5747127696,8
711284159,8
2163875539,8
5166763513,8
6701871898,8
8406538985,8
4780719938,8
1288638709,8
6860848901,8
6882878251,8
6038458940,8
862308744,8
5543889985,8
5276675144,8
8073552967,8
3321066288,8
13773731091,8
3043844302,8
8598068650,8
6659209395,8
8423240984,8
437698607,8
6821922868,8
7499946714,8
569572434,8
8332960925,8
3159068020,8
12623079321,8
6550721050,8
5592748116,8
11426233172,8
4769841079,8
9325014336,8
1292105285,8
2207556774,8
7701900427,8
11159871450,8
1018430113,8
1724303458,8
11696860078,8
1051637410,8
6709578079,8
7217990393,8
6545831643,8
2278499514,8
1051637410,9
2202948199,9
11005456141,9
6545831643,9
11696860078,9
426730675,9
7553025629,9
7217990393,9
2278499514,9
215854388,9
7118808093,9
1429545040,9
6709578079,9
7217991834,9
1440961961,9
6435079491,9
6807177753,9
6029337509,9
3144050859,9
7262309547,9
7746276907,9
112169216,9
6946371456,9
6699797770,9
7762019332,9
942033553,9
1288640428,9
5110539506,9
2012452,9
6901958162,9
4639770771,9
1494886371,9
3595054453,9
3601030967,9
7218926921,9
11542614607,9
5394468075,9
9895184382,9
7220505725,9
2817046761,9
11100293066,9
4809494306,9
8026464580,9
1288638595,9
2723046566,9
1803736794,9
6916791310,9
4568564220,9
6317210959,9
1025976477,9
2421950783,10
1226180068,10
5195900337,10
12796977077,10
7218924102,10
6421643641,10
7081315406,10
1233111534,10
6938645418,10
6723684733,10
49230609,10
92792864,10
6351822393,10
4913155041,10
1288582718,10
2981499236,10
10111107788,10
854449225,10
2759431592,10
2669633372,10
11600511955,10
4486675495,10
7903531752,10
915326045,10
2199579789,10
7625033282,10
387197837,10
3039961447,10
6217102572,10
8865342577,10
6684035929,10
2128690040,10
4996280309,10
8384494051,10
4798568810,10
8184636229,10
1543973129,10
917484961,10
175795047,10
8575311481,10
5368886598,10
4801678681,10
1488612299,10
3428746903,10
6899606650,10
1477668755,10
1553969407,10
7218928375,10
5413752325,10
9103670847,10
5413752325,11
5368886598,11
6024138083,11
1488612299,11
1543973129,11
2736760466,11
9407437637,11
1318797124,11
2827093428,11
881799540,11
4701145979,11
3075628502,11
9524023226,11
11424961500,11
8645433737,11
3941124990,11
668752955,11
8741111641,11
7047474537,11
1261023156,11
9124530601,11
12817169844,11
5955629477,11
1288619168,11
399117054,11
2349860830,11
602974127,11
7017532245,11
3750055370,11
2753909571,11
6716384631,11
186505196,11
7009307451,11
6742954963,11
6713674025,11
10942887018,11
8227110001,11
11287136191,11
6277787457,11
903318293,11
3557976209,11
2637730961,11
176055176,11
5204589597,11
9022190953,11
12874456137,11
82410435,11
6221611651,11
11486398809,11
5328871784,11
2753909571,12
6742954963,12
6713674025,12
5955629477,12
11486398809,12
10942887018,12
12874456137,12
3750055370,12
5204589597,12
1288582460,12
4701674144,12
3364415981,12
3241515533,12
6891168334,12
3340275590,12
2943445535,12
10838111693,12
4350378454,12
11578612495,12
7790518252,12
271105985,12
11754490336,12
8181325237,12
4769132708,12
6312882494,12
1299973478,12
5833222294,12
7799307919,12
4589725111,12
5333065056,12
11577729764,12
5524491589,12
12886950808,12
6510204779,12
10657365561,12
5824671483,12
6540449511,12
6445420223,12
11623459250,12
5969443623,12
958328310,12
1171142983,12
9058466134,12
12817160762,12
1050390851,12
6693822608,12
5176282421,12
950865812,12
1366288012,12
6033301405,12
6693822608,13
10657365561,13
12817160762,13
1171142983,13
6540449511,13
7873533086,13
9058466134,13
6033301405,13
6510204779,13
9763545090,13
8146208773,13
5969443623,13
440352755,13
1274196452,13
4823816352,13
873101471,13
4467214,13
7218925554,13
6963681894,13
66718554,13
96568111,13
1008823280,13
910379915,13
8665513552,13
8450601370,13
6300216858,13
11336678797,13
5998624778,13
6042670033,13
4926743427,13
1000031293,13
161256502,13
6030649312,13
10952294514,13
584151623,13
7938253476,13
4915374425,13
1288582989,13
6947760838,13
8344635362,13
9182757592,13
7019905105,13
1928900633,13
6510155547,13
964670201,13
6888938494,13
7501080523,13
279963780,13
868976665,13
6740930085,13
6510155547,14
6368131852,14
6905882543,14
11511965107,14
7021701114,14
868976665,14
5787821379,14
6184893787,14
293735944,14
2159978195,14
6712432156,14
7501080523,14
7803206188,14
5972432375,14
3730458793,14
4876247559,14
8522304245,14
964670201,14
10924319044,14
5909116218,14
11089513965,14
36787066,14
3676459771,14
1510793550,14
279963780,14
6295628114,14
77262933,14
11696751303,14
221860001,14
6357499989,14
1071013578,14
5791266621,14
1833206096,14
13255303848,14
422874515,14
5235421427,14
503765331,14
6818722708,14
1067903757,14
6930794514,14
7158379857,14
5363560813,14
8540226697,14
1288488921,14
108498739,14
6709539083,14
1352391460,14
7152595566,14
9267155990,14
20639611,14
9267155990,15
5235421427,15
15211890,15
20639611,15
4470413790,15
6065230265,15
4205429760,15
1288488921,15
1067903757,15
6684049066,15
1352391460,15
5399142179,15
4519042263,15
8259323694,15
696751657,15
12173742865,15
6687666356,15
4798471255,15
6818722708,15
241779221,15
5415203709,15
2100815916,15
5834444588,15
5969282569,15
8232327522,15
5992125715,15
626650325,15
3222116,15
6211828236,15
6826789257,15
5945729119,15
6286102440,15
5468715773,15
4446331547,15
392395045,15
66240874,15
9065658783,15
5842712710,15
5445746805,15
562997019,15
7279155192,15
5156172615,15
6049440054,15
4567847683,15
902550194,15
6463705891,15
376409228,15
579057486,15
13212426934,15
6915721744,15
6286102440,16
11286902163,16
1288487455,16
392395045,16
5834444588,16
1961552595,16
1170473491,16
10945717389,16
358650771,16
6818740399,16
376409228,16
31227425,16
3386681999,16
8660783470,16
7279155192,16
11435555509,16
1095273273,16
2100815916,16
4446331547,16
562997019,16
5992125715,16
8705972246,16
66240874,16
6368112281,16
6982730549,16
6898047433,16
1442934727,16
1869075834,16
6543802407,16
6510191084,16
5804028205,16
6704491412,16
5041319798,16
1147675663,16
11973807574,16
4318274019,16
6309609622,16
5814623245,16
3145634224,16
7118468455,16
145197515,16
7228081339,16
2218570442,16
8559968411,16
10666872204,16
1168581344,16
7978226708,16
2669630953,16
11702769325,16
9795319439,16
1168581344,17
5265694039,17
7430756560,17
1147675663,17
1110914192,17
5804028205,17
7978226708,17
1319269184,17
749187669,17
7680640084,17
391877835,17
4941755400,17
4318274019,17
3145634224,17
1442934727,17
5041319798,17
145197515,17
251909198,17
2163883583,17
6716655118,17
6705376362,17
6911281765,17
7029665774,17
5964765544,17
1869074625,17
5357050096,17
23852121,17
674344967,17
7204439340,17
2006450143,17
9357881138,17
170638982,17
7603443945,17
5584734141,17
7218916474,17
995796995,17
7096561451,17
2456362076,17
6058694139,17
7415002616,17
420053676,17
7011321213,17
228488596,17
6982756664,17
1431488350,17
27645750,17
7135155502,17
733472608,17
5705341116,17
730276366,17
1103899869,18
477580750,18
2751760278,18
5964765544,18
1869074625,18
6982756664,18
5357050096,18
466036163,18
7029665774,18
6240215181,18
7218914763,18
8238293146,18
6375155861,18
5705341116,18
170638982,18
733472608,18
1510791001,18
7011321213,18
120464788,18
7603443945,18
7204439340,18
7135155502,18
7022523622,18
2211283363,18
6675163940,18
7427886071,18
3057489704,18
7236388810,18
2933720261,18
7683701966,18
894591699,18
5821591908,18
1870063445,18
5601408460,18
5573717129,18
1598538455,18
4947040344,18
6129374823,18
4469615229,18
11696689831,18
10928251224,18
1288489354,18
675416669,18
3514596515,18
6524584764,18
7382426657,18
7147283646,18
1108227120,18
3523359482,18
4526724106,18
240919470,19
7216136860,19
258786084,19
2211283363,19
5361609266,19
6199639259,19
4947040344,19
5821591908,19
8768234984,19
4526724106,19
600254865,19
6202934611,19
4469615229,19
4614861311,19
7978717332,19
8696759802,19
1870063445,19
9618870001,19
7022523622,19
299663124,19
4780761815,19
3152759561,19
1051301342,19
12166869426,19
1803451464,19
894591699,19
7307851339,19
2169048245,19
14817084213,19
6676206475,19
5209104290,19
6711291004,19
5697738192,19
8721983844,19
2792041589,19
5664706753,19
6331583571,19
627469334,19
621291581,19
5093781273,19
11902680347,19
3080324756,19
6038019293,19
3521125035,19
6203265460,19
11696745268,19
258865048,19
5577556095,19
5752260537,19
6404704466,19
951052561,20
627469334,20
5577556095,20
5752260537,20
6404704466,20
9022095265,20
12351174145,20
6050693672,20
14817084213,20
239897256,20
25893673,20
10901055606,20
2449783588,20
10950365882,20
7021816641,20
342918392,20
1869458723,20
5832919724,20
8598067306,20
2792041589,20
2770455824,20
110338002,20
3687443306,20
2023763940,20
5948949046,20
4185846910,20
422072042,20
271927366,20
6676206475,20
6479589870,20
6038019293,20
10386102050,20
5209104290,20
10393986425,20
6851408345,20
6033633868,20
11027963601,20
159071373,20
460256119,20
5198311875,20
107075733,20
8721983844,20
2391160122,20
5748129839,20
871579411,20
176079291,20
6925317308,20
6675551088,20
1990114366,20
1587025094,20
8253120545,21
136621542,21
672174396,21
2397553003,21
7400071988,21
1467806839,21
405405879,21
8979516335,21
3303658554,21
6406819090,21
4957122654,21
5266998664,21
871579411,21
4719696408,21
1648183383,21
3481987736,21
2446240700,21
2003878404,21
158261870,21
11287555334,21
1132756246,21
7061445277,21
2182195563,21
9070058765,21
6947719292,21
4526713230,21
6947752154,21
18575932,21
12217287377,21
1275974022,21
7057161960,21
5759533549,21
5153205015,21
5192213579,21
6712498851,21
6355665620,21
636045159,21
2103116760,21
1587025094,21
3159050689,21
8073434640,21
2875231200,21
7728579688,21
251861920,21
176079291,21
5610403599,21
376401884,21
437650527,21
6846322926,21
733474177,21
437650527,22
4897876351,22
2003878404,22
1587025094,22
6846322926,22
672174396,22
158261870,22
733474177,22
7039267834,22
5702637831,22
2397553003,22
11351620355,22
7828216218,22
3481987736,22
57363478,22
259226666,22
1473603226,22
6033300056,22
1990114366,22
5647514444,22
5437816819,22
6947741321,22
2409198869,22
6915043307,22
436825537,22
9247229304,22
9050977241,22
7158349403,22
1179871712,22
7827084984,22
10209912674,22
1092844403,22
1445031549,22
5113188453,22
11237568840,22
1050549995,22
422327044,22
2877775397,22
7286968346,22
1221039961,22
7105295311,22
6916338217,22
7106480672,22
8547655179,22
11488741259,22
6170371826,22
6089160087,22
13667631446,22
10544517990,22
9267183944,22
9295968846,23
6170371826,23
9478257262,23
2144538682,23
9267183944,23
2446230853,23
9385902072,23
2035378743,23
3090997934,23
1292825263,23
862748674,23
7696661519,23
6915043307,23
7607741448,23
5647514444,23
7158349403,23
6947741321,23
5861269717,23
6829329888,23
6386642651,23
11041446595,23
1042653602,23
9028561265,23
5325570705,23
5790552947,23
1092844403,23
6916338217,23
415885550,23
422327044,23
1445031549,23
5113188453,23
501042731,23
6089160087,23
1214880141,23
7827084984,23
8319292509,23
857282968,23
5437816819,23
1314364483,23
7639371570,23
5315133494,23
5802856323,23
951154471,23
5798853149,23
7125507767,23
10544517990,23
5775821955,23
436825537,23
12821263578,23
8428423991,23
12821263578,24
1292825263,24
8428423991,24
1050549995,24
10610397774,24
8547655179,24
5965174563,24
48240512,24
10345568576,24
5565949920,24
11135326560,24
338737523,24
2664015483,24
5679682425,24
7575457658,24
1597214087,24
749502911,24
7001507712,24
10491125314,24
5299047507,24
6112810599,24
2073932261,24
4916994467,24
872734051,24
4966726824,24
6925297909,24
5764067995,24
562995176,24
1462082929,24
316629204,24
2583255056,24
370426875,24
108156591,24
11696534718,24
5931271319,24
2103094845,24
2103112229,24
7228873669,24
181932248,24
6733609042,24
546758159,24
6501321575,24
8153791024,24
251900538,24
7000234734,24
7362678517,24
11411432987,24
6607977658,24
8678122759,24
532565700,24
532565700,25
2103112229,25
1163408897,25
2851922987,25
2103094845,25
4916994467,25
1441374903,25
2609635738,25
251900538,25
2434791217,25
181932248,25
11696534718,25
1597214087,25
4817023868,25
6925297909,25
8508721148,25
10318051764,25
6424875972,25
546758159,25
6027480743,25
80684094,25
2664015483,25
10891594349,25
379803184,25
398509976,25
8344631954,25
4924748906,25
2613619652,25
4340762959,25
5702350888,25
10345568576,25
11135326560,25
872273894,25
5863142004,25
6962282598,25
10386104256,25
10165051,25
14109024073,25
6501321575,25
5565949920,25
6779522712,25
7575457658,25
8692711083,25
1462082929,25
10614987673,25
125469163,25
5745784001,25
1352382859,25
9951695,25
6936160069,25
1881316818,26
7115067559,26
433199579,26
5961701298,26
7915312902,26
245014395,26
6372529241,26
136053834,26
915194289,26
14229495,26
2150331872,26
8689438027,26
5745784001,26
6224237296,26
11721776729,26
2039726268,26
6882210072,26
265554438,26
5789593642,26
600803940,26
1528409592,26
436101587,26
4879601519,26
7271590045,26
9825045276,26
13438580339,26
6033651475,26
9951695,26
6552526225,26
10100073890,26
3097041179,26
6046161880,26
1572316292,26
6436109765,26
2053723448,26
185495988,26
12466328252,26
11719595129,26
11722368344,26
563534065,26
1134256049,26
11168363548,26
1352382859,26
438873470,26
2596541801,26
4000131509,26
10136651,26
8759548192,26
968836796,26
3097960407,26
2053723448,27
6436109765,27
245014395,27
286349122,27
6059315324,27
10868459554,27
437036415,27
146398341,27
463051340,27
11719595129,27
1881316818,27
157313519,27
2596541801,27
11722368344,27
2128690043,27
398510031,27
6046161880,27
368724432,27
4000131509,27
620947958,27
3097041179,27
5800950929,27
10386098900,27
8443724896,27
1301846443,27
8759548192,27
1744191475,27
1352382859,27
13782873,27
12919391919,27
11602284370,27
6552526225,27
968836796,27
2629055281,27
1165357524,27
2698022114,27
6061358630,27
8145587956,27
10696332952,27
8435445717,27
288817483,27
1120738435,27
4945334682,27
648410101,27
5312219173,27
666146372,27
6366604453,27
5679684317,27
1130977047,27
4780797578,27
845117734,28
6005922025,28
11989079388,28
11124657763,28
719317819,28
5780427162,28
904376628,28
5312219173,28
5345634229,28
111543885,28
8435445717,28
7323000528,28
336014682,28
6567577810,28
5186298785,28
6955717412,28
5842508516,28
620980734,28
2619627802,28
6281340946,28
631551345,28
1120738435,28
8213863994,28
8944748755,28
2587456185,28
8652676951,28
6981864761,28
5270035513,28
5117449771,28
195473400,28
4602505286,28
11009365968,28
1032148892,28
60958789,28
7500953753,28
1541881032,28
1096663370,28
7252274277,28
149579238,28
1396725510,28
4073080330,28
7091974829,28
621903470,28
4780797578,28
3510745597,28
2446234255,28
6223330147,28
8264712734,28
10118413175,28
7767001787,28
2067383057,29
1288488312,29
1314427015,29
1541881032,29
1131014100,29
7252274277,29
149579238,29
1396725510,29
4073080330,29
7091974829,29
621903470,29
3510745597,29
2446234255,29
6223330147,29
8264712734,29
10118413175,29
7767001787,29
8587845996,29
6346747763,29
1338208650,29
7719254492,29
5534692237,29
40725646,29
7061412244,29
6270057403,29
7509229816,29
4966569548,29
4460816927,29
6079707648,29
11761723782,29
13255359572,29
36517427,29
6885434235,29
6423530832,29
11373222044,29
10694360254,29
9882773800,29
5863570394,29
4588874573,29
6069347479,29
6826225085,29
5246181712,29
1120738435,29
1563537926,29
6797959361,29
51812595,29
6163026375,29
1489774665,29
137051704,29
4108258101,29
288817483,30
5863570394,30
6069347479,30
5246181712,30
5402324383,30
6797959361,30
9882773800,30
51812595,30
6163026375,30
7719254492,30
2309503788,30
4922646577,30
2067383057,30
137051704,30
4108258101,30
740790763,30
8255357876,30
5312219173,30
564847327,30
6510569205,30
11336258961,30
540113054,30
127817361,30
2894727525,30
1131014100,30
455901986,30
4588874573,30
299459145,30
6243424541,30
378526359,30
398510053,30
421239523,30
8435445717,30
6860772844,30
1352341586,30
8232328673,30
4924746814,30
5872509948,30
7942115681,30
11214164438,30
6270057403,30
1382612669,30
5955737233,30
5699332900,30
8390102893,30
6312875041,30
4966569548,30
4460816927,30
1120738435,30
4780797578,30
8763954827,31
1563537926,31
2309503788,31
6033298291,31
5838487451,31
976713695,31
4531217297,31
3076823543,31
6994215445,31
1282510540,31
1314364778,31
5195689771,31
5314813751,31
12867254106,31
1198161395,31
4915860668,31
2942273405,31
13559711663,31
14998461841,31
94349156,31
6208701612,31
133488366,31
2610892676,31
5987285437,31
5026989051,31
183304932,31
7583148251,31
178319672,31
8690138651,31
3020458803,31
2280835920,31
9469900271,31
6719680940,31
10790212626,31
3545876108,31
1877290063,31
1228955960,31
7573472103,31
57374558,31
4568117669,31
14203571087,31
4839027868,31
14477141690,31
7251647871,31
1352215042,31
1449046443,31
469317097,31
5929676351,31
245102011,31
1624070343,31
5043271394,32
4867457377,32
1314364778,32
251880092,32
71370599,32
2582360507,32
4802151286,32
1453112655,32
10776847027,32
5195689771,32
6842809036,32
10220835697,32
1198161395,32
8274514283,32
301470094,32
284446853,32
3076823543,32
6907392451,32
6924671075,32
11306467732,32
13319996052,32
13683604258,32
2857982068,32
3703833748,32
724630703,32
10323134463,32
2942273405,32
3545876108,32
1408841993,32
9869022575,32
6208701612,32
5270095529,32
7243679201,32
6059322020,32
1346758226,32
445707542,32
8644103171,32
435607050,32
976713695,32
2280835920,32
10790212626,32
7212779788,32
4166495492,32
171385310,32
2639262496,32
8690138651,32
7212660043,32
3395949677,32
4749385081,32
89837991,32
1314364778,33
9214539397,33
1198161395,33
2172361584,33
573046865,33
7169106757,33
6506561764,33
364128732,33
278713049,33
10220835697,33
8690138651,33
4430127556,33
976713695,33
6235110122,33
271101202,33
6208701612,33
6480864794,33
422089497,33
2368504441,33
10218442298,33
8416768393,33
7212660043,33
1042022390,33
7936191575,33
2538676623,33
6744244201,33
6317213145,33
2280835920,33
4568117669,33
166464587,33
7316971095,33
9704079917,33
10790212626,33
12295627050,33
5586240728,33
2739177944,33
4166495492,33
2942273405,33
7573472103,33
3395949677,33
569870649,33
7019318577,33
1836150348,33
4567791974,33
10162280823,33
5612292935,33
8633303069,33
7032809011,33
3012229248,33
2426068567,33
636220893,34
2602109999,34
6901867683,34
10204069544,34
5044330414,34
5181890355,34
5211924711,34
4955876183,34
7179538729,34
5617683092,34
7783902246,34
5937011147,34
2614612882,34
6935148805,34
8480759973,34
4690641234,34
6920035527,34
23456656,34
6277828694,34
6803374803,34
579170606,34
10334578500,34
638962996,34
142808546,34
14228213084,34
4633055045,34
184357088,34
8633303069,34
13448937025,34
10162280823,34
1208590828,34
35898797,34
579857231,34
8723881725,34
14314116,34
9267089525,34
6842810899,34
5111334254,34
2446489756,34
5774050276,34
6893639917,34
10039646872,34
6184866078,34
7221486188,34
7061461705,34
4589353227,34
12149875687,34
7439997034,34
65688268,34
1486291755,34
6901867683,35
1486291755,35
455715765,35
6904450613,35
11761735237,35
134244753,35
6005549789,35
11551622948,35
12149875687,35
14228213084,35
5362039024,35
14030318909,35
9720078113,35
5382060864,35
283473297,35
11990831699,35
5343491157,35
1796246936,35
5193862692,35
897534765,35
4271626938,35
7564044360,35
191992300,35
484301458,35
7405828132,35
6866031146,35
9453042,35
12654277774,35
6703959315,35
7102884414,35
162985361,35
6165067116,35
6540681631,35
1520030152,35
1633473646,35
2325438230,35
155197188,35
2688176437,35
7237546065,35
886924667,35
947272924,35
1413412618,35
10800729278,35
5937011147,35
4548430263,35
4548440906,35
8500196807,35
5851803203,35
1689302734,35
565056460,35
1689302734,36
565056460,36
2742100901,36
862747804,36
9720078113,36
6038017775,36
4560862750,36
1288491989,36
3097039351,36
1146010162,36
7424447559,36
6480864782,36
1476059650,36
378772158,36
2421946349,36
1912112509,36
1470348799,36
398645169,36
434963690,36
7978591527,36
8633303069,36
7032809011,36
8730930762,36
5937011147,36
1516787277,36
5834136172,36
8106672638,36
1107195187,36
6536394234,36
11390723044,36
5977114796,36
7193517190,36
10162280823,36
5746913123,36
7520051217,36
142808546,36
5922146614,36
447927592,36
13227243375,36
89903580,36
6685756545,36
1368994402,36
6033771119,36
11763490814,36
6119363456,36
11761637789,36
12052385551,36
11754490323,36
11351620343,36
6524922771,36
11351620343,37
6524922771,37
2891891795,37
13360,37
995551519,37
2526607594,37
7905983439,37
2867673093,37
9670994907,37
6866203768,37
76543210,37
9795451879,37
149239101,37
1386991643,37
749187664,37
11722088774,37
11761733202,37
92401568,37
10831379335,37
189623013,37
1368687648,37
314722698,37
2526607598,37
12077086097,37
3888269253,37
2222586071,37
232370512,37
11724709825,37
12614399593,37
562534630,37
2752828722,37
11960132111,37
9481908735,37
5144114880,37
10487246132,37
8184334751,37
6079442766,37
9330272235,37
31013515,37
6464695509,37
12162023108,37
11716290197,37
10449933562,37
9650766363,37
11716557686,37
7242005920,37
10868459539,37
12221215411,37
6480864064,37
10878218322,37
4629017101,38
4514070618,38
10449933562,38
5907834569,38
7825364847,38
8369892637,38
10868459539,38
11767037107,38
6480864064,38
9650766363,38
10878218322,38
11759293347,38
9206925544,38
185963271,38
9340709670,38
11716159644,38
11716452437,38
2526593748,38
2800908359,38
10373757109,38
7174153942,38
13060132612,38
12547500423,38
1189043723,38
11574453781,38
13034143275,38
7810818531,38
11722081515,38
7053565871,38
8547662227,38
581172485,38
8028563137,38
7210487514,38
7113687033,38
9267599783,38
453452432,38
11390723057,38
5129810891,38
10164277641,38
10181263678,38
10878218308,38
9876543,38
877824197,38
7714432384,38
10988801408,38
11888146239,38
9010173643,38
6968542276,38
7278776697,38
13690007844,38
877824197,39
11574453781,39
7174153942,39
13797964658,39
10920699043,39
1905338795,39
10159235885,39
6726409529,39
11716485808,39
11716560177,39
8601465199,39
12397080195,39
11872330494,39
7527551524,39
4866666539,39
9090053373,39
7735547022,39
12663782186,39
11718541709,39
81374538,39
11529909739,39
11720549734,39
101363308,39
11722368307,39
6906575521,39
251497633,39
12480595015,39
8751816958,39
11844217668,39
13680530184,39
13189689327,39
10204220752,39
10479404897,39
9289985419,39
13539436109,39
9375425545,39
7693090517,39
6807257275,39
12455561051,39
1223142672,39
12052378352,39
10322933810,39
7713420,39
1234562,39
136931266,39
473973374,39
13712924,39
11636146039,39
2167271529,39
7980376963,39
136931266,40
473973374,40
9375425545,40
11872330494,40
11677157917,40
13712924,40
11636146039,40
2167271529,40
10920699043,40
7980376963,40
1012273002,40
9090053373,40
6095739365,40
8601465199,40
11529909739,40
6906575521,40
7693090517,40
10204220752,40
8751816958,40
7735547022,40
6726409529,40
5306272656,40
9808051311,40
11605401532,40
13958211822,40
11705693967,40
13262618089,40
6992959601,40
11840106012,40
5852478589,40
6239945742,40
8881675853,40
386719427,40
12130926263,40
7267790830,40
12204498618,40
12275825245,40
11715420367,40
168142129,40
12472046162,40
7527602679,40
1104411009,40
9336665462,40
2614612887,40
2747009680,40
11722153703,40
3382739515,40
124032845,40
11722554017,40
146320933,40
6515002601,41
6827512632,41
7527602679,41
386719427,41
82691493,41
6579887777,41
146320933,41
8881675853,41
6889033408,41
9575366030,41
2614612887,41
5852478589,41
2747009680,41
11722153703,41
12940307491,41
13262618089,41
1387204236,41
11722554017,41
3570729627,41
11722865980,41
5306272656,41
8680062686,41
12256227266,41
4463666435,41
8901575356,41
9102463858,41
8633371130,41
7246506654,41
9158926514,41
6555298840,41
9467505480,41
9277770684,41
14558165270,41
342632265,41
11864863165,41
11605401532,41
1718840573,41
9454288009,41
10919793581,41
9925913476,41
11761719248,41
10104198910,41
7201263041,41
7267790830,41
10181263741,41
868173389,41
3355083079,41
9808051311,41
11992703858,41
11988231187,41
10944049779,42
9925913476,42
11761719248,42
10104198910,42
1387204236,42
10181263741,42
146320933,42
124032845,42
11992703858,42
11988231187,42
9808051311,42
11605401532,42
12052395301,42
5306272656,42
6239163275,42
3323735266,42
9283167752,42
8131128138,42
8901575356,42
4811085068,42
7246506654,42
1234532,42
3362884283,42
13262618089,42
14558165270,42
1234752,42
1234538,42
5852478589,42
11754489642,42
14139305038,42
5445844950,42
11350518862,42
10277622363,42
11766236235,42
290995619,42
11767069582,42
11779925287,42
12585762983,42
10694691145,42
51838212,42
13015775010,42
4524082051,42
8881675853,42
240080505,42
11716452453,42
6072474496,42
6239917306,42
6239941417,42
11830987244,42
6239940806,42
11830989304,43
6239942849,43
6239914883,43
6239915614,43
11716559277,43
11916210777,43
7527551515,43
11988231127,43
12233185690,43
12534101433,43
251435889,43
11718810615,43
13956623874,43
11719595104,43
11719890577,43
11722080838,43
8360620314,43
11722553155,43
1489774661,43
8390115370,43
3259050989,43
10085901665,43
8954541580,43
9359131816,43
5143056985,43
11622626925,43
9841536429,43
11735220260,43
6157762618,43
11739569706,43
102348382,43
6186241511,43
10210055714,43
11747026155,43
11747026173,43
11747026200,43
1912438810,43
11747026268,43
12347538,43
80373810,43
5961037,43
69711222,43
30155526,43
12345383,43
2167171797,43
11754499452,43
11150110589,43
11759202791,43
11759293285,43
7440063531,43
10619210861,44
6647211778,44
2169048241,44
11767337318,44
11779926526,44
6884107931,44
11810229301,44
11819163504,44
158554297,44
6239916554,44
11823329688,44
6239944309,44
11716453554,44
11826465934,44
6239939495,44
11830984173,44
6239938337,44
7051824015,44
11716455808,44
6239919254,44
580499968,44
6239943491,44
1171657730,44
6239948071,44
1183098744,44
11716485793,44
11830995820,44
7173989509,44
11836160908,44
6239948718,44
11836162851,44
11836165463,44
11836177927,44
11836181348,44
11867337948,44
11867351018,44
11915656516,44
1175410415,44
7397723594,44
11716687704,44
11927593271,44
11717093063,44
11986603133,44
11717104785,44
11717287400,44
12232793816,44
11717288272,44
12438907427,44
11717813996,44
12438907454,44
11717828297,45
11718192673,45
12701650978,45
1176452437,45
2555584348,45
7590894535,45
12881238742,45
12881238785,45
12898701833,45
7660329894,45
11719412806,45
13359252707,45
13967529694,45
1478500977,45
7820635056,45
8345269689,45
170174107,45
11722553511,45
11759193017,45
11723083138,45
11723817205,45
8890685159,45
11724945237,45
11726821301,45
11733622734,45
11733801922,45
11734552820,45
1718840561,45
4788466659,45
11734623772,45
11734712236,45
11734738174,45
9509978501,45
11734893655,45
11734940424,45
9642199135,45
11735070856,45
11735072319,45
11489880386,45
9834704835,45
11735142117,45
11735180669,45
11735237806,45
9910415901,45
11735343074,45
5536063313,45
11735385339,45
11735414750,45
11735687651,45
11735787860,45
11735801220,46
11735817178,46
11735831420,46
11735841158,46
11739569678,46
11743056585,46
61210994,46
201199044,46
412284862,46
10210055699,46
11743105775,46
11743392377,46
11744202902,46
11746881034,46
10397909758,46
11746928636,46
11747019610,46
10639756312,46
11747025213,46
10639770199,46
57764564,46
6299980324,46
10696045527,46
11747026230,46
10763951232,46
11747999946,46
11752855970,46
6438648140,46
10763952275,46
11754037423,46
11754039821,46
11754042019,46
6442976823,46
11754042886,46
11754044843,46
11754047121,46
11754048481,46
11754049441,46
10878214990,46
11754050389,46
123475161,46
11754051506,46
144685573,46
11754052316,46
11754053008,46
11754054136,46
11754055636,46
11754245411,46
6013360,46
11754247597,46
11822128593,47
11823329688,47
11826465934,47
11830984173,47
11830995820,47
11836160908,47
11836162851,47
11836165463,47
11836177927,47
11836181348,47
11867337948,47
11867351018,47
11915656516,47
11927593271,47
11986603133,47
12232793816,47
12438907427,47
12438907454,47
12701650978,47
12881238742,47
12881238785,47
12898701833,47
13359252707,47
13967529694,47
11759193017,47
11489880386,47
57764564,47
123475161,47
144685573,47
6013360,47
11491862692,47
11539168339,47
6239940100,47
6239921200,47
6239944309,47
6239939495,47
6239938337,47
6239919254,47
6239943491,47
6239948071,47
6239948718,47
580499968,47
1171657730,47
1183098744,47